City_ID,City,Lat,Lng,Max Temp,Humidity,Cloudiness,Wind Speed,Country,Date
0,kodiak,57.79,-152.4072,2.73,93,100,2.57,US,1675222061
1,severo-kurilsk,50.6789,156.125,-3.59,52,63,1.55,RU,1675222061
2,kapaa,22.0752,-159.319,25.99,83,20,4.12,US,1675222062
3,bethel,41.3712,-73.414,-1.25,60,75,2.06,US,1675221981
4,roura,4.7263,-52.3274,22.95,100,0,0.51,GF,1675222062
5,cape town,-33.9258,18.4232,22.43,81,20,5.66,ZA,1675221913
6,fountain hills,33.6117,-111.7174,13.05,61,0,1.54,US,1675222063
7,punta arenas,-53.15,-70.9167,12.06,62,75,7.72,CL,1675222063
8,rikitea,-23.1203,-134.9692,26.23,69,4,6.32,PF,1675221799
9,ushuaia,-54.8,-68.3,13.81,51,40,6.17,AR,1675222064
10,huaicheng,23.9051,112.1931,20.39,59,68,0.44,CN,1675222064
11,busselton,-33.65,115.3333,24.4,38,0,5.75,AU,1675222064
12,sohag,26.557,31.6948,9.36,61,2,2.69,EG,1675222064
13,tasiilaq,65.6145,-37.6368,-11.91,73,97,3.14,GL,1675222065
14,dikson,73.5069,80.5464,-24.36,93,23,3.69,RU,1675222065
15,awassa,7.05,38.4667,14.74,60,48,1.34,ET,1675222066
16,bredasdorp,-34.5322,20.0403,18.22,95,12,1.99,ZA,1675222066
17,chuy,-33.6971,-53.4616,21.33,92,6,2.59,UY,1675222066
18,ancud,-41.8697,-73.8203,11.01,83,1,1.45,CL,1675222067
19,ribeira grande,38.5167,-28.7,12.1,82,96,3.13,PT,1675222067
20,ola,59.5833,151.2833,-12.14,93,100,2.27,RU,1675221488
21,hilo,19.7297,-155.09,24.04,95,40,3.6,US,1675221469
22,butaritari,3.0707,172.7902,26.79,79,100,7.53,KI,1675222067
23,vila velha,-20.3297,-40.2925,24.97,83,20,2.06,BR,1675222068
24,mataura,-46.1927,168.8643,23.24,63,100,1.72,NZ,1675222068
25,torbay,47.6666,-52.7314,0.88,95,100,5.66,CA,1675222068
26,hermanus,-34.4187,19.2345,18.22,93,3,0.81,ZA,1675222069
27,bluff,-46.6,168.3333,17.19,87,100,2.61,NZ,1675222069
28,capoterra,39.1763,8.9718,6.96,86,0,2.57,IT,1675222069
29,cidreira,-30.1811,-50.2056,23.77,92,0,2.34,BR,1675221926
30,charters towers,-20.1,146.2667,31.05,55,100,4.31,AU,1675222070
31,carnarvon,-24.8667,113.6333,28.28,63,31,6.49,AU,1675222070
32,vostochnyy,55.8167,37.8667,0.21,94,100,2.96,RU,1675222070
33,nikolskoye,59.7035,30.7861,-0.05,91,99,3.77,RU,1675222071
34,sombrio,-29.1139,-49.6167,22.74,92,14,1.53,BR,1675222071
35,bantry,51.6833,-9.45,9.32,78,100,6.74,IE,1675221656
36,khatanga,71.9667,102.5,-42.54,100,64,1.38,RU,1675222071
37,saldanha,-33.0117,17.9442,16.03,92,0,5.79,ZA,1675222072
38,vaini,-21.2,-175.2,28.09,83,75,4.12,TO,1675222072
39,sinnamary,5.3833,-52.95,23.58,90,91,1.37,GF,1675222072
40,venado tuerto,-33.7456,-61.9688,24.87,45,3,3.59,AR,1675222073
41,georgetown,5.4112,100.3354,28.97,74,20,2.57,MY,1675221474
42,altay,47.8667,88.1167,-8.95,62,100,2.19,CN,1675222073
43,hobart,-42.8794,147.3294,18.48,60,75,2.06,AU,1675222005
44,san patricio,28.017,-97.5169,3.93,83,100,6.07,US,1675222073
45,aksu,41.1231,80.2644,-8.9,82,100,0.44,CN,1675222074
46,hambantota,6.1241,81.1185,26.19,94,20,2.57,LK,1675222074
47,rumoi,43.9344,141.6428,-2.39,67,93,3.04,JP,1675222074
48,matadi,-5.8167,13.45,24.88,97,100,1.19,CD,1675221520
49,pevek,69.7008,170.3133,-15.44,86,8,1.34,RU,1675222075
50,neiafu,-18.65,-173.9833,29.38,79,75,4.12,TO,1675222075
51,esmeraldas,-19.7625,-44.3139,21.48,90,44,1.74,BR,1675222076
52,hofn,64.2539,-15.2082,-2.46,65,95,5.97,IS,1675222076
53,yellowknife,62.456,-114.3525,-31.71,68,0,5.66,CA,1675222076
54,tual,-5.6667,132.75,28.39,75,81,5.1,ID,1675221509
55,san luis,-33.295,-66.3356,26.03,51,54,2.92,AR,1675222077
56,hermiston,45.8404,-119.2895,2.59,67,40,4.12,US,1675221753
57,clyde river,70.4692,-68.5914,-30.87,69,0,2.57,CA,1675222077
58,pafos,34.7667,32.4167,11.88,62,20,2.06,CY,1675222077
59,iquique,-20.2208,-70.1431,23.02,84,100,1.54,CL,1675221838
60,leningradskiy,69.3833,178.4167,-14.48,96,100,4.26,RU,1675222078
61,atambua,-9.1061,124.8925,28.03,71,51,2.61,ID,1675221503
62,hojai,26.0,92.8667,21.64,47,52,0.56,IN,1675222079
63,guerrero negro,27.9769,-114.0611,13.69,58,10,3.62,MX,1675222079
64,cabedelo,-6.9811,-34.8339,26.37,78,97,4.81,BR,1675222079
65,ashqelon,31.6693,34.5715,11.55,72,77,10.89,IL,1675222079
66,dunedin,-45.8742,170.5036,18.22,10,100,1.34,NZ,1675221818
67,lavrentiya,65.5833,-171.0,-10.86,99,100,2.36,RU,1675222080
68,bud,39.447,-86.1758,-4.99,70,100,2.75,US,1675222080
69,fortuna,40.5982,-124.1573,6.19,90,0,0.0,US,1675222080
70,mar del plata,-38.0023,-57.5575,21.72,86,75,4.47,AR,1675222081
71,alyangula,-13.8483,136.4192,30.2,70,100,3.83,AU,1675221506
72,airai,-8.9266,125.4092,22.07,76,77,1.24,TL,1675222081
73,tashla,51.7716,52.7427,-17.89,94,21,2.71,RU,1675222082
74,lompoc,34.6391,-120.4579,10.08,87,0,0.45,US,1675222078
75,conceicao da barra,-18.5933,-39.7322,23.85,86,84,2.16,BR,1675222082
76,verkhnevilyuysk,63.4453,120.3167,-30.44,97,100,3.92,RU,1675222083
77,vinstra,61.5952,9.7523,-10.94,91,100,1.17,NO,1675222083
78,awjilah,29.1081,21.2869,10.08,68,3,5.83,LY,1675222083
79,ponta do sol,32.6667,-17.1,15.4,61,65,2.67,PT,1675222083
80,imbituba,-28.24,-48.6703,22.75,85,5,2.1,BR,1675222002
81,kirovsk,48.6375,38.6428,-3.81,99,48,0.46,UA,1675222084
82,neuquen,-38.9516,-68.0591,20.94,64,0,0.0,AR,1675222084
83,nivala,63.9167,24.9667,-10.98,97,15,1.63,FI,1675222085
84,ilulissat,69.2167,-51.1,-18.99,71,75,1.03,GL,1675222085
85,atuona,-9.8,-139.0333,26.1,77,92,9.86,PF,1675222085
86,fare,-16.7,-151.0167,27.95,69,47,6.47,PF,1675221488
87,sao felix do xingu,-6.6447,-51.995,21.24,98,17,0.3,BR,1675222086
88,zhezkazgan,47.8043,67.7144,-18.01,85,75,4.0,KZ,1675222086
89,wenling,28.3669,121.36,16.31,64,0,0.37,CN,1675222086
90,minden,52.2833,8.9167,5.61,85,100,8.46,DE,1675222077
91,avarua,-21.2078,-159.775,26.03,78,100,6.69,CK,1675222087
92,moree,-29.4667,149.85,32.51,34,29,5.36,AU,1675222087
93,olga,43.7444,135.2892,-4.32,48,100,3.23,RU,1675222088
94,puerto ayacucho,5.6639,-67.6236,23.8,54,7,2.16,VE,1675222088
95,boende,-0.2167,20.8667,21.52,79,23,1.2,CD,1675222088
96,thompson,55.7435,-97.8558,-33.91,68,20,0.0,CA,1675222089
97,port elizabeth,-33.918,25.5701,20.17,94,0,1.79,ZA,1675222089
98,north myrtle beach,33.816,-78.68,15.63,96,100,3.19,US,1675221903
99,troitsko-pechorsk,62.7084,56.1964,-5.0,89,100,5.05,RU,1675222089
100,tuktoyaktuk,69.4541,-133.0374,-39.0,74,0,1.54,CA,1675222090
101,phalombe,-15.8064,35.6507,19.31,95,98,0.97,MW,1675222090
102,pitkyaranta,61.5734,31.4792,-7.78,95,100,1.7,RU,1675222091
103,saint-joseph,-21.3667,55.6167,24.5,85,83,5.15,RE,1675222091
104,codrington,-38.2667,141.9667,16.39,47,100,5.97,AU,1675222091
105,laguna,38.421,-121.4238,9.14,56,0,0.45,US,1675222092
106,poum,-20.2333,164.0167,26.64,63,77,2.09,NC,1675222092
107,qaanaaq,77.484,-69.3632,-21.49,47,84,3.35,GL,1675222092
108,moranbah,-22.0016,148.0466,31.41,57,100,7.75,AU,1675222092
109,longhua,23.6137,114.1919,21.0,58,95,0.43,CN,1675222093
110,east london,-33.0153,27.9116,21.55,82,4,2.21,ZA,1675222093
111,amapa,1.0,-52.0,21.25,99,100,0.99,BR,1675221334
112,kandrian,-6.2167,149.55,32.27,58,65,5.86,PG,1675221499
113,iquitos,-3.7481,-73.2472,26.02,89,40,1.03,PE,1675222094
114,puerto ayora,-0.7393,-90.3518,24.75,88,78,2.23,EC,1675222094
115,loralai,30.3705,68.598,5.68,42,0,1.34,PK,1675222094
116,yalta,44.5,34.1667,3.29,81,100,2.78,UA,1675222095
117,neka,36.6508,53.299,5.73,100,100,2.06,IR,1675222095
118,formosa,-26.1775,-58.1781,27.99,74,0,4.12,AR,1675222095
119,bin qirdan,33.1378,11.2197,10.28,58,3,4.4,TN,1675222096
120,camabatela,-8.1881,15.375,16.05,95,78,1.04,AO,1675222096
121,backo gradiste,45.5328,20.0283,1.62,86,94,3.25,RS,1675222096
122,arraial do cabo,-22.9661,-42.0278,24.27,88,85,10.95,BR,1675222097
123,belyy yar,53.6039,91.3903,-18.06,85,75,0.0,RU,1675222097
124,makat,47.6469,53.3463,-4.27,56,28,5.09,KZ,1675222097
125,hithadhoo,-0.6,73.0833,27.24,73,19,5.59,MV,1675222098
126,port alfred,-33.5906,26.891,18.99,96,5,2.17,ZA,1675222098
127,gushikawa,26.3544,127.8686,22.77,54,40,3.6,JP,1675222098
128,mana,5.6592,-53.7767,23.19,91,53,0.86,GF,1675222099
129,esperance,-33.8667,121.9,17.66,62,100,5.81,AU,1675222099
130,rio gallegos,-51.6226,-69.2181,14.03,54,0,2.06,AR,1675222099
131,aklavik,68.2191,-135.0107,-35.7,100,69,2.23,CA,1675222100
132,constitucion,-35.3333,-72.4167,12.62,83,1,4.4,CL,1675222100
133,kirando,-7.4167,30.6,20.84,85,80,2.03,TZ,1675222100
134,taoudenni,22.6783,-3.9836,13.22,22,100,5.69,ML,1675222101
135,kieta,-6.2167,155.6333,29.51,69,82,3.04,PG,1675221636
136,lebu,-37.6167,-73.65,13.76,84,0,9.07,CL,1675222101
137,narsaq,60.9167,-46.05,-7.88,94,100,1.44,GL,1675222101
138,sobolevo,54.4299,31.8996,-2.04,96,100,3.01,RU,1675222102
139,victoria,22.2855,114.1577,23.03,78,62,3.3,HK,1675221933
140,kalmunai,7.4167,81.8167,24.75,87,100,7.2,LK,1675222102
141,nishihara,26.1842,127.7558,22.81,56,75,5.66,JP,1675222102
142,menongue,-14.6585,17.691,16.2,96,100,0.69,AO,1675222103
143,oyotun,-6.8519,-79.3036,26.55,62,100,1.44,PE,1675222103
144,padang,-0.9492,100.3543,29.03,77,100,1.51,ID,1675222103
145,srandakan,-7.9386,110.2506,29.16,68,100,2.19,ID,1675222104
146,hobyo,5.3505,48.5268,23.86,72,7,6.29,SO,1675222104
147,mahina,-17.5065,-149.489,29.87,54,40,6.17,PF,1675222104
148,beringovskiy,63.05,179.3167,-5.62,97,58,3.29,RU,1675222105
149,smithers,54.7804,-127.1743,-4.82,93,100,1.03,CA,1675221919
150,brewster,41.3973,-73.6171,-1.52,63,75,2.06,US,1675221493
151,kaitangata,-46.2817,169.8464,20.17,76,99,3.55,NZ,1675222105
152,shingu,33.7333,135.9833,14.15,54,100,5.68,JP,1675221528
153,chokurdakh,70.6333,147.9167,-18.0,97,100,3.36,RU,1675222106
154,baykit,61.67,96.37,-22.2,100,100,0.51,RU,1675222106
155,hue,16.4667,107.6,23.06,78,40,2.06,VN,1675222106
156,comodoro rivadavia,-45.8667,-67.5,20.92,23,0,7.72,AR,1675222010
157,samarai,-10.6167,150.6667,29.33,69,98,0.39,PG,1675222107
158,castro verde,37.6983,-8.0858,1.68,73,0,1.72,PT,1675222107
159,sola,-13.8833,167.55,28.37,84,100,0.0,VU,1675222108
160,sitka,57.0531,-135.33,3.94,81,100,5.14,US,1675222108
161,north platte,41.1239,-100.7654,-13.68,72,0,3.13,US,1675221954
162,jumla,29.2747,82.1838,5.35,34,0,1.47,NP,1675222108
163,sur,22.5667,59.5289,18.53,75,7,2.29,OM,1675222109
164,castro,-24.7911,-50.0119,17.36,98,100,1.11,BR,1675222109
165,liverpool,53.4106,-2.9779,8.49,79,100,12.35,GB,1675222109
166,petropavlovsk-kamchatskiy,53.0452,158.6483,-8.67,53,0,1.0,RU,1675221962
167,morondava,-20.2833,44.2833,25.87,84,100,3.91,MG,1675221518
168,kasempa,-13.4584,25.8338,16.85,99,100,2.18,ZM,1675222110
169,jamestown,42.097,-79.2353,-8.03,84,40,1.54,US,1675222051
170,boyolangu,-8.1181,111.8935,29.1,66,97,1.38,ID,1675222110
171,saint george,37.1041,-113.5841,0.24,37,0,4.12,US,1675221923
172,norman wells,65.282,-126.8329,-31.98,68,20,0.0,CA,1675222111
173,burnie,-41.0667,145.9167,18.86,39,32,6.29,AU,1675222111
174,cayenne,4.9333,-52.3333,23.02,100,0,0.51,GF,1675222111
175,piacabucu,-10.4056,-36.4344,25.13,79,100,2.53,BR,1675222112
176,altamira,-3.2033,-52.2064,22.46,97,83,0.92,BR,1675222112
177,faanui,-16.4833,-151.75,27.38,75,100,6.29,PF,1675222112
178,okakarara,-20.5833,17.4333,20.45,76,100,1.17,NA,1675222113
179,constantine,36.365,6.6147,0.67,86,40,1.03,DZ,1675222113
180,kahului,20.8947,-156.47,26.02,78,20,5.14,US,1675222069
181,camacha,33.0833,-16.3333,13.68,58,20,5.66,PT,1675222056
182,te anau,-45.4167,167.7167,23.03,59,99,1.23,NZ,1675222113
183,shumikha,55.2261,63.2961,-12.89,90,90,3.03,RU,1675222114
184,warrnambool,-38.3833,142.4833,15.83,53,100,6.07,AU,1675222114
185,new norfolk,-42.7826,147.0587,18.29,38,73,1.79,AU,1675222114
186,beyneu,45.3167,55.2,-0.21,86,100,5.42,KZ,1675222115
187,san lazzaro di savena,44.4678,11.414,6.09,60,0,3.6,IT,1675222115
188,qingyuan,23.7,113.0333,20.99,65,88,1.2,CN,1675222115
189,khromtau,50.2503,58.4347,-21.79,90,13,2.54,KZ,1675222116
190,barrow,71.2906,-156.7887,-20.99,77,0,11.83,US,1675222116
191,kincardine,56.0667,-3.7167,6.15,91,74,9.84,GB,1675222116
192,ketchikan,55.3422,-131.6461,3.99,93,100,2.57,US,1675222117
193,kisangani,0.5167,25.2,21.25,82,58,1.19,CD,1675222117
194,pisco,-13.7,-76.2167,23.03,78,0,3.09,PE,1675221940
195,xichang,27.8964,102.2634,15.23,45,0,0.93,CN,1675222117
196,kavieng,-2.5744,150.7967,28.8,71,90,3.88,PG,1675222118
197,albany,42.6001,-73.9662,-6.47,64,96,1.89,US,1675221762
198,chabahar,25.2919,60.643,18.59,66,0,3.02,IR,1675222118
199,tautira,-17.7333,-149.15,27.25,76,17,6.62,PF,1675222118
200,wilmington,34.2257,-77.9447,15.0,90,94,0.89,US,1675221936
201,iqaluit,63.7506,-68.5145,-26.15,76,40,8.23,CA,1675222119
202,nanortalik,60.1432,-45.2371,-10.02,84,99,2.5,GL,1675222119
203,upernavik,72.7868,-56.1549,-19.98,93,100,4.1,GL,1675222119
204,fairlie,55.756,-4.8556,6.95,87,100,6.71,GB,1675222120
205,urengoy,65.9667,78.3667,-14.27,94,100,6.79,RU,1675222120
206,provideniya,64.3833,-173.3,-3.94,93,100,1.0,RU,1675222120
207,egvekinot,66.3167,-179.1667,-8.55,96,99,2.17,RU,1675222121
208,coxim,-18.5067,-54.76,24.88,85,99,0.92,BR,1675222121
209,sisimiut,66.9395,-53.6735,-21.29,97,66,3.93,GL,1675222121
210,cap malheureux,-19.9842,57.6142,26.37,80,96,1.34,MU,1675222122
211,bilibino,68.0546,166.4372,-13.23,87,95,2.44,RU,1675221524
212,san francisco,37.7749,-122.4194,11.68,60,20,5.66,US,1675221905
213,vostok,46.4856,135.8833,-12.9,74,100,1.48,RU,1675222122
214,bengkulu,-3.8004,102.2655,26.99,76,100,3.31,ID,1675222122
215,cherskiy,68.75,161.3,-24.25,100,54,2.74,RU,1675222123
216,kropotkin,45.4375,40.5756,2.57,95,100,2.04,RU,1675222123
217,borovoy,55.4333,86.0833,-17.4,85,20,0.0,RU,1675222123
218,pangai,-19.8,-174.35,26.06,83,100,2.57,TO,1675222124
219,darhan,49.4867,105.9228,-18.16,85,100,2.42,MN,1675222124
220,saskylakh,71.9167,114.0833,-28.9,98,100,6.32,RU,1675222124
221,kodumudi,11.0775,77.8836,24.74,62,100,2.3,IN,1675222125
222,mogadishu,2.0371,45.3438,24.14,80,21,6.68,SO,1675221616
223,santa marinella,42.0345,11.8536,9.16,78,71,2.94,IT,1675222056
224,inirida,3.8653,-67.9239,23.5,71,21,0.68,CO,1675222125
225,peniche,39.3558,-9.3811,7.74,93,0,3.72,PT,1675222126
226,winona,43.9666,-91.7668,-14.11,66,0,1.54,US,1675222126
227,joao camara,-5.5375,-35.8197,24.16,77,99,4.61,BR,1675222126
228,gizo,-8.103,156.8419,28.83,72,96,3.8,SB,1675221915
229,lagoa,39.05,-27.9833,13.84,70,98,5.46,PT,1675222127
230,berlevag,70.8578,29.0864,1.0,75,100,11.83,NO,1675222127
231,souillac,-20.5167,57.5167,26.21,83,75,3.09,MU,1675222127
232,elblag,54.1522,19.4088,3.32,83,100,9.23,PL,1675222128
233,ambon,-3.6954,128.1814,32.08,66,40,4.12,ID,1675222128
234,kosonsoy,41.2561,71.5508,-1.69,68,100,3.52,UZ,1675222128
235,mugur-aksy,50.35,90.5,-16.26,61,81,2.06,RU,1675222129
236,russkaya polyana,49.417,31.9201,-0.77,92,99,2.12,UA,1675222064
237,baie-comeau,49.2168,-68.1489,-25.18,84,0,1.03,CA,1675221612
238,tougue,11.4667,-11.6,19.54,26,3,0.22,GN,1675222129
239,yulara,-25.2406,130.9889,32.07,17,3,4.93,AU,1675222130
240,uyemskiy,64.4743,40.8524,-3.97,100,100,3.0,RU,1675222130
241,sao filipe,14.8961,-24.4956,21.2,73,98,4.7,CV,1675222130
242,cocobeach,1.0002,9.5823,26.23,83,89,4.44,GA,1675222131
243,turukhansk,65.8167,87.9833,-16.31,96,98,4.31,RU,1675222131
244,luderitz,-26.6481,15.1594,15.63,93,6,4.85,NA,1675222131
245,nome,64.5011,-165.4064,-5.96,100,100,0.0,US,1675222132
246,kankaanpaa,61.8,22.4167,-4.58,100,97,1.67,FI,1675222132
247,akron,41.0814,-81.519,-7.39,72,100,0.45,US,1675221905
248,konstantinovka,49.6167,127.9833,-14.63,77,18,3.95,RU,1675222132
249,aasiaat,68.7098,-52.8699,-24.06,100,93,1.97,GL,1675222133
250,flinders,-34.5833,150.8552,25.14,64,5,4.39,AU,1675222133
251,araouane,18.9048,-3.5265,13.83,14,1,4.87,ML,1675222133
252,makakilo city,21.3469,-158.0858,26.86,72,0,4.63,US,1675222134
253,newcastleton,55.1796,-2.8127,5.02,85,79,9.33,GB,1675222134
254,sapa,5.1544,120.3241,28.38,72,80,3.05,PH,1675222134
255,poso,-1.3959,120.7524,26.09,89,100,2.04,ID,1675222135
256,sabha,27.0377,14.4283,6.3,46,0,2.67,LY,1675222135
257,kjollefjord,70.9457,27.3465,2.03,69,75,9.77,NO,1675222135
258,zaria,11.1113,7.7227,20.5,20,99,3.9,NG,1675222136
259,mayumba,-3.432,10.6554,25.37,84,100,2.12,GA,1675222136
260,urucara,-2.5364,-57.76,22.63,99,100,1.26,BR,1675222136
261,mahebourg,-20.4081,57.7,26.25,83,75,3.09,MU,1675222137
262,tarko-sale,64.9225,77.785,-13.68,93,100,7.67,RU,1675222137
263,tefe,-3.3542,-64.7114,22.21,98,57,0.14,BR,1675221883
264,leh,34.1667,77.5833,-17.47,86,89,1.07,IN,1675222137
265,mapiri,-15.25,-68.1667,20.26,99,100,0.37,BO,1675222138
266,karratha,-20.7377,116.8463,35.05,43,13,3.24,AU,1675222138
267,vao,-22.6667,167.4833,26.24,77,81,5.16,NC,1675222139
268,carnot,4.9409,15.8665,21.79,52,50,0.26,CF,1675222139
269,beira,-19.8436,34.8389,27.05,78,20,3.6,MZ,1675222139
270,gillette,44.2911,-105.5022,-8.49,68,0,4.63,US,1675222021
271,kavaratti,10.5669,72.642,26.57,74,91,5.73,IN,1675222140
272,kruisfontein,-34.0033,24.7314,17.16,91,0,2.4,ZA,1675222140
273,liberal,37.0431,-100.921,-8.42,48,0,1.54,US,1675222103
274,cabo san lucas,22.8909,-109.9124,20.17,77,100,2.06,MX,1675222140
275,danville,36.586,-79.395,7.46,95,100,4.12,US,1675222072
276,tekeli,44.83,78.8239,-2.25,80,100,2.79,KZ,1675222141
277,acapulco,16.8634,-99.8901,26.9,78,0,3.09,MX,1675221365
278,tiksi,71.6872,128.8694,-17.95,98,100,3.82,RU,1675222141
279,burns lake,54.2331,-125.7533,-3.32,99,100,1.4,CA,1675222142
280,aleksandrovka,46.8383,32.7612,-2.27,93,100,2.81,UA,1675222142
281,batemans bay,-35.7167,150.1833,23.39,62,22,4.78,AU,1675222142
282,urucui,-7.2294,-44.5561,24.78,69,69,1.36,BR,1675222143
283,inuvik,68.3499,-133.7218,-30.52,76,20,1.54,CA,1675222143
284,malanje,-9.5402,16.341,16.2,97,94,1.13,AO,1675222144
285,port blair,11.6667,92.75,29.02,74,75,2.06,IN,1675222144
286,dapdap,12.062,125.4881,27.09,84,31,5.79,PH,1675222145
287,mikhaylovskoye,51.8239,79.7172,-17.55,98,86,1.88,RU,1675222145
288,ostrovnoy,68.0531,39.5131,-7.96,98,95,1.91,RU,1675222147
289,shahreza,32.0339,51.8794,4.12,78,42,6.78,IR,1675222147
290,kedougou,12.5579,-12.1743,23.85,18,2,0.96,SN,1675222148
291,vardo,70.3705,31.1107,-0.01,93,100,10.29,NO,1675222148
292,kenora,49.8167,-94.4337,-24.46,77,0,3.6,CA,1675221653
293,kaset sombun,16.2805,101.9542,27.51,25,6,1.4,TH,1675222149
294,puerto escondido,15.85,-97.0667,26.46,78,40,0.0,MX,1675222150
295,miles city,46.4083,-105.8406,-5.46,68,75,5.14,US,1675222150
296,helmsdale,58.1168,-3.6517,6.08,71,11,16.68,GB,1675222151
297,buala,-8.145,159.5921,28.13,75,93,3.78,SB,1675222152
298,lorengau,-2.0226,147.2712,28.91,70,70,4.15,PG,1675222152
299,valdivia,-39.8142,-73.2459,15.05,64,0,1.36,CL,1675222088
300,geraldton,-28.7667,114.6,34.23,27,0,4.63,AU,1675222153
301,mehamn,71.0357,27.8492,0.97,69,75,9.77,NO,1675222153
302,meadow lake,34.8014,-106.5436,4.51,48,17,4.32,US,1675222153
303,koungou,-12.7336,45.2042,27.84,83,75,4.63,YT,1675222154
304,san felipe,10.3399,-68.7425,20.65,90,47,1.85,VE,1675222155
305,kralendijk,12.15,-68.2667,24.99,78,1,4.12,BQ,1675222155
306,champerico,14.3,-91.9167,25.93,69,7,2.64,GT,1675222155
307,fredericton,45.9454,-66.6656,-13.53,66,0,2.57,CA,1675222156
308,brae,60.3964,-1.353,6.5,85,100,18.93,GB,1675222156
309,tilichiki,60.4667,166.1,-11.54,92,100,3.74,RU,1675222157
310,edd,13.9297,41.6925,24.06,62,18,8.3,ER,1675222157
311,rocha,-34.4833,-54.3333,19.88,96,9,2.12,UY,1675222158
312,kichera,55.9375,110.0997,-17.83,88,88,0.69,RU,1675222158
313,miraflores,19.2167,-98.8083,18.36,53,0,1.77,MX,1675221982
314,marawi,7.9986,124.2928,27.8,61,18,1.98,PH,1675222159
315,road town,18.4167,-64.6167,24.05,66,1,8.49,VG,1675222124
316,dhidhdhoo,6.8833,73.1,26.94,73,100,5.52,MV,1675222160
317,benguela,-12.5763,13.4055,24.79,82,98,0.91,AO,1675222160
318,amga,60.8953,131.9608,-30.3,92,100,2.86,RU,1675222161
319,yerbogachen,61.2767,108.0108,-29.33,100,95,1.27,RU,1675222161
320,college,64.8569,-147.8028,-7.89,81,75,3.09,US,1675222162
321,orahovac,42.3994,20.6547,0.92,67,15,0.2,XK,1675222162
322,buraydah,26.326,43.975,12.25,55,41,3.69,SA,1675222113
323,alice springs,-23.7,133.8833,26.75,61,100,3.6,AU,1675221914
324,oytal,42.9057,73.2697,-3.12,75,11,2.36,KZ,1675222164
325,rosolini,36.8242,14.9478,1.36,65,4,2.2,IT,1675222164
326,itamaraca,-7.7478,-34.8256,27.03,80,35,3.15,BR,1675222165
327,san rafael,-34.6177,-68.3301,20.05,65,20,5.9,AR,1675221965
328,alugan,12.2188,125.4808,27.03,84,22,5.65,PH,1675222166
329,muscat,23.6139,58.5922,18.01,64,9,3.86,OM,1675221942
330,nuqui,5.7125,-77.2708,25.19,83,19,0.37,CO,1675222167
331,sao jose da coroa grande,-8.8978,-35.1478,25.15,83,63,3.37,BR,1675222167
332,portland,45.5234,-122.6762,3.56,68,75,1.54,US,1675221820
333,north branch,45.5113,-92.9802,-11.96,99,38,2.56,US,1675222167
334,poltavka,54.3663,71.7632,-19.04,96,75,2.26,RU,1675222168
335,sangar,63.9242,127.4739,-33.89,93,100,1.77,RU,1675222168
336,macia,-25.0269,33.0989,21.47,87,91,0.64,MZ,1675222169
337,guerrero,17.6667,-100.0,18.15,82,44,2.37,MX,1675222078
338,hervey bay,-25.2986,152.8535,27.07,83,80,7.43,AU,1675222169
339,hostotipaquillo,21.0667,-104.0667,15.53,54,56,1.88,MX,1675222169
340,richards bay,-28.783,32.0377,23.15,90,100,5.0,ZA,1675222170
341,port lincoln,-34.7333,135.8667,19.17,61,95,6.89,AU,1675222170
342,corsicana,32.0954,-96.4689,-1.53,93,100,4.63,US,1675222170
343,yichang,30.7144,111.2847,16.37,20,0,4.56,CN,1675222171
344,witu,-2.3889,40.4382,25.09,95,10,0.46,KE,1675222171
345,payo,-3.7508,103.6372,26.73,81,100,1.85,ID,1675222171
346,sioux lookout,50.1001,-91.917,-23.96,84,0,1.54,CA,1675222172
347,vestmannaeyjar,63.4427,-20.2734,0.18,70,95,3.39,IS,1675222172
348,emerald,-23.5333,148.1667,33.83,46,45,3.07,AU,1675221652
349,jhargram,22.45,86.9833,22.54,41,95,5.77,IN,1675222144
350,tura,25.5198,90.2201,21.96,42,37,1.15,IN,1675222173
351,bandarbeyla,9.4942,50.8122,23.24,71,6,5.14,SO,1675222173
352,svirstroy,60.7999,33.7248,-3.8,98,100,1.66,RU,1675222173
353,moultrie,31.1799,-83.7891,19.9,96,78,2.84,US,1675222174
354,kpandae,8.4689,-0.0113,27.09,47,94,1.19,GH,1675222174
355,alta floresta,-9.8756,-56.0861,21.18,97,36,0.67,BR,1675222174
356,namwala,-15.7504,26.4384,18.52,99,100,0.95,ZM,1675222175
357,ashland,40.8167,-82.2665,-8.02,63,100,2.73,US,1675222175
358,buchanan,5.8808,-10.0467,25.38,91,1,1.32,LR,1675222094
359,steyr,48.0427,14.4213,3.56,82,100,6.35,AT,1675222175
360,iracoubo,5.4802,-53.2011,23.57,89,65,1.0,GF,1675222176
361,nemuro,43.3236,145.575,-2.19,63,42,4.01,JP,1675222176
362,aykhal,66.0,111.5,-33.07,100,63,2.54,RU,1675222176
363,bouar,5.934,15.596,22.81,38,99,0.75,CF,1675222177
364,pitimbu,-7.4706,-34.8086,26.33,78,72,4.0,BR,1675221616
365,dengzhou,37.8086,120.7508,-0.57,47,38,10.94,CN,1675222177
366,muravlenko,63.7898,74.523,-11.55,93,100,7.56,RU,1675222177
367,roald,62.5833,6.1333,3.75,93,75,2.06,NO,1675222178
368,bonthe,7.5264,-12.505,24.24,87,0,0.77,SL,1675222178
369,luanda,-8.8368,13.2343,26.0,89,75,4.12,AO,1675222178
370,bilma,18.6853,12.9164,15.15,29,100,6.41,NE,1675222179
371,kudahuvadhoo,2.6708,72.8944,26.75,73,100,4.89,MV,1675221632
372,erzin,36.9559,36.2,6.39,78,100,1.88,TR,1675222179
373,mabamba,-3.5983,30.5019,15.92,93,89,0.43,TZ,1675222179
374,sept-iles,50.2001,-66.3821,-17.0,70,0,4.63,CA,1675222180
375,tessalit,20.1986,1.0114,14.81,12,3,4.01,ML,1675222180
376,hay river,60.8156,-115.7999,-26.01,76,75,4.63,CA,1675222181
377,mujiayingzi,42.1167,118.7833,-8.42,29,0,9.41,CN,1675222181
378,kholm,59.2667,32.85,-1.94,93,98,4.22,RU,1675222181
379,batagay,67.6333,134.6333,-30.92,95,99,1.51,RU,1675222181
380,fokino,42.9836,132.4047,-7.26,67,100,6.83,RU,1675222182
381,pokhara,28.2333,83.9833,19.37,16,0,1.03,NP,1675222182
382,syasstroy,60.1367,32.5691,-1.91,97,99,4.1,RU,1675222182
383,kabare,-2.4683,28.8242,14.52,87,12,0.36,CD,1675222183
384,chapais,49.7834,-74.8492,-20.12,94,100,4.29,CA,1675222183
385,barra patuca,15.8,-84.2833,24.54,85,3,5.09,HN,1675222183
386,ascension,30.2169,-90.9001,16.67,97,100,3.6,US,1675222184
387,santiago,-33.4569,-70.6483,22.92,46,0,5.14,CL,1675222055
388,puerto leguizamo,-0.1934,-74.7819,22.92,61,59,1.08,CO,1675222184
389,bogande,12.9714,-0.1436,22.07,7,100,3.92,BF,1675222184
390,goure,13.9835,10.2704,19.0,16,98,5.39,NE,1675222185
391,hasaki,35.7333,140.8333,13.45,41,18,10.09,JP,1675222185
392,taguatinga,-12.3857,-46.5711,23.6,67,42,1.18,BR,1675222185
393,hokitika,-42.7167,170.9667,18.81,91,100,1.6,NZ,1675222186
394,sakaiminato,35.55,133.2333,7.96,87,75,1.03,JP,1675222186
395,crestview,30.7621,-86.5705,19.59,78,100,2.06,US,1675222186
396,koslan,63.4564,48.8989,-2.88,92,100,5.8,RU,1675222186
397,bonfim,3.0833,-59.95,25.84,59,22,3.26,BR,1675222187
398,katsuura,35.1333,140.3,12.01,53,13,10.7,JP,1675222187
399,den helder,52.9599,4.7593,7.21,78,75,15.2,NL,1675222187
400,grindavik,63.8424,-22.4338,-3.03,86,0,2.06,IS,1675222188
401,asadabad,34.7824,48.1185,-4.03,97,89,1.84,IR,1675222188
402,talnakh,69.4865,88.3972,-17.56,96,100,4.57,RU,1675222188
403,keelung,25.1283,121.7419,25.03,37,0,0.57,TW,1675221925
404,trelew,-43.249,-65.3051,16.4,53,0,8.17,AR,1675222189
405,jalu,29.0331,21.5482,10.2,66,2,5.78,LY,1675222189
406,dwarka,22.2394,68.9678,19.07,61,33,8.4,IN,1675221636
407,san quintin,30.4833,-115.95,13.12,64,53,2.93,MX,1675222190
408,zhob,31.3411,69.4481,6.41,42,8,0.83,PK,1675222190
409,mount gambier,-37.8333,140.7667,17.85,42,90,4.34,AU,1675222190
410,katherine,-14.4667,132.2667,29.18,74,75,5.66,AU,1675222191
411,north bend,43.4065,-124.2243,5.48,81,0,0.0,US,1675222191
412,homer,59.6425,-151.5483,2.09,92,100,0.0,US,1675222191
413,goderich,43.7501,-81.7165,-7.27,62,100,7.2,CA,1675222192
414,elliot lake,46.3834,-82.6331,-13.61,93,96,2.66,CA,1675222192
415,miranda de ebro,42.6865,-2.947,7.21,85,100,0.8,ES,1675222192
416,pangnirtung,66.1451,-65.7125,-29.19,72,100,2.05,CA,1675222173
417,morro bay,35.3658,-120.8499,10.25,78,0,2.7,US,1675221998
418,superior,46.7208,-92.1041,-15.29,67,0,5.14,US,1675221900
419,olafsvik,64.8945,-23.7142,-0.82,83,100,7.65,IS,1675222193
420,faya,18.3851,42.4509,9.29,56,69,2.13,SA,1675222193
421,shimabara,32.7833,130.3667,12.17,75,99,4.87,JP,1675222193
422,avera,33.194,-82.5271,16.06,95,100,2.76,US,1675222194
423,acajutla,13.5928,-89.8275,25.39,75,5,3.33,SV,1675222194
424,isangel,-19.55,169.2667,32.06,70,75,2.06,VU,1675222194
425,dingzhou,38.5131,114.9956,3.06,20,59,2.57,CN,1675222195
426,lebanon,36.2081,-86.2911,0.92,95,100,2.57,US,1675221922
427,fairbanks,64.8378,-147.7164,-7.88,81,0,3.09,US,1675222195
428,misratah,32.3754,15.0925,14.36,64,89,9.54,LY,1675222195
429,sohagpur,22.7,78.2,16.09,56,4,3.62,IN,1675222196
430,isakly,54.1333,51.5333,-16.18,100,99,2.13,RU,1675222196
431,tarutyne,46.1858,29.1506,-3.86,93,14,2.65,UA,1675222196
432,ust-kulom,61.6864,53.6902,-4.7,88,100,4.83,RU,1675222197
433,stornoway,58.2093,-6.3865,5.52,74,75,11.83,GB,1675222197
434,blagoveshchenka,52.8333,79.8667,-14.61,93,99,1.66,RU,1675222197
435,longyearbyen,78.2186,15.6401,-9.09,62,20,7.72,SJ,1675222198
436,uruzgan,32.8333,66.0,1.65,57,23,3.76,AF,1675222198
437,mikhaylovka,50.06,43.2379,-1.79,86,100,3.04,RU,1675222198
438,belmonte,-15.8631,-38.8828,24.51,81,3,1.92,BR,1675222199
439,velen,51.9,6.9833,6.12,73,100,7.0,DE,1675222199
440,saint-philippe,-21.3585,55.7679,25.06,87,89,5.23,RE,1675222200
441,nhamunda,-2.1861,-56.7131,22.63,93,100,0.96,BR,1675222200
442,aripuana,-9.1667,-60.6333,21.03,99,98,0.37,BR,1675222200
443,garden city,42.3256,-83.331,-8.86,78,40,3.6,US,1675222201
444,alofi,-19.0595,-169.9187,24.94,94,100,2.06,NU,1675222201
445,sumbe,-11.2061,13.8437,25.16,86,92,1.67,AO,1675222202
446,lebedinyy,58.5167,125.5167,-25.24,88,100,4.38,RU,1675222203
447,toora-khem,52.4675,96.11,-17.15,95,93,0.94,RU,1675222205
448,bartica,6.4,-58.6167,24.18,97,12,0.97,GY,1675222207
449,mecca,21.4267,39.8261,21.18,77,22,2.82,SA,1675221672
450,mali,12.079,-12.2982,16.15,21,3,0.62,GN,1675222211
451,saint pete beach,27.7253,-82.7412,20.6,86,0,0.0,US,1675222215
452,cockburn town,21.4612,-71.1419,25.0,72,89,8.68,TC,1675222216
453,suicheng,33.8963,117.9331,7.16,35,79,8.65,CN,1675222218
454,rafraf,37.1904,10.1837,9.17,73,27,3.69,TN,1675222220
455,sawankhalok,17.316,99.8319,20.94,78,83,2.06,TH,1675222221
456,ust-barguzin,53.45,108.9833,-15.09,90,79,0.59,RU,1675222222
457,san cristobal,7.7669,-72.225,19.1,90,87,1.03,VE,1675222223
458,miramar,25.9873,-80.2323,25.01,82,0,3.09,US,1675221643
459,cabra,37.4725,-4.4421,4.94,53,0,1.54,ES,1675222224
460,hualmay,-11.0964,-77.6139,22.22,78,100,2.48,PE,1675222225
461,opunake,-39.4556,173.8583,21.46,83,100,4.27,NZ,1675222225
462,dezful,32.3811,48.4058,11.08,85,13,1.75,IR,1675222227
463,booue,-0.0921,11.9385,22.17,92,85,0.37,GA,1675222130
464,sal rei,16.1833,-22.9167,20.64,73,100,8.58,CV,1675222229
465,mount isa,-20.7333,139.5,30.87,45,75,3.09,AU,1675222229
466,rodrigues alves,-7.738,-72.6509,23.11,96,99,1.46,BR,1675222230
467,novokruchininskiy,51.7833,113.7667,-15.15,68,6,2.19,RU,1675222230
468,virginia beach,36.8529,-75.978,8.02,93,100,3.6,US,1675222023
469,fecamp,49.7579,0.3746,8.49,72,58,7.38,FR,1675222231
470,amazar,53.858,120.875,-15.11,69,93,2.04,RU,1675222231
471,rawson,-43.3002,-65.1023,15.51,59,0,8.59,AR,1675222232
472,riyadh,24.6877,46.7219,15.08,36,30,4.36,SA,1675221993
473,okhotsk,59.3833,143.3,-16.83,95,100,5.65,RU,1675222232
474,touros,-5.1989,-35.4608,26.37,74,100,6.09,BR,1675221936
475,mustasaari,63.1142,21.6822,-4.03,93,100,0.51,FI,1675222233
476,verkhnetulomskiy,68.6073,31.7962,-7.93,97,100,0.8,RU,1675222233
477,yar-sale,66.8333,70.8333,-9.3,94,100,6.89,RU,1675222233
478,sorsk,54.0033,90.2467,-10.1,84,98,1.22,RU,1675222234
479,lydenburg,-25.0978,30.4597,16.18,96,89,0.58,ZA,1675222234
480,glace bay,46.1969,-59.957,-4.5,77,100,6.69,CA,1675222234
481,broome,42.2506,-75.833,-6.66,82,0,2.06,US,1675222235
482,gornopravdinsk,60.05,69.9,-8.62,95,100,3.69,RU,1675222235
483,parana,-31.732,-60.5238,27.54,63,0,3.95,AR,1675221977
484,vila,42.0304,-8.1588,-1.51,70,57,1.83,PT,1675222236
485,tres arroyos,-38.3739,-60.2798,17.19,90,100,2.63,AR,1675221961
486,amahai,-3.3333,128.9167,29.66,69,85,1.31,ID,1675222236
487,half moon bay,37.4636,-122.4286,11.29,45,0,5.66,US,1675222236
488,toyooka,35.5333,134.8333,8.03,65,75,3.09,JP,1675222237
489,daru,-9.0763,143.2092,29.47,77,100,3.12,PG,1675222237
490,vila franca do campo,37.7167,-25.4333,12.23,82,44,3.38,PT,1675222238
491,bereda,43.2686,-7.5406,-1.59,100,29,1.22,ES,1675222238
492,bandundu,-3.3167,17.3667,21.25,94,76,1.46,CD,1675222238
493,westport,41.1415,-73.3579,1.05,56,0,4.02,US,1675222213
494,severodvinsk,64.5635,39.8302,-3.94,88,100,5.1,RU,1675222239
495,krivodanovka,55.0881,82.6551,-24.95,76,100,0.0,RU,1675222239
496,petatlan,17.5167,-101.2667,21.94,79,0,1.73,MX,1675222239
497,urbano santos,-3.2078,-43.4036,22.68,98,99,0.92,BR,1675222240
498,keetmanshoop,-26.5833,18.1333,19.73,37,2,3.52,NA,1675222240
499,paamiut,61.994,-49.6678,-9.96,71,100,4.73,GL,1675222240
500,zemio,5.0314,25.1361,21.22,31,10,0.36,CF,1675222241
501,salina,38.8403,-97.6114,-6.7,68,0,3.09,US,1675222241
502,posse,-14.0931,-46.3694,21.89,67,68,1.2,BR,1675222241
503,margate,51.3813,1.3862,4.83,78,93,1.34,GB,1675222242
504,gamba,-2.65,10.0,24.67,89,95,2.51,GA,1675222242
505,preobrazheniye,42.9019,133.9064,-3.21,79,100,2.24,RU,1675222242
506,griffith,41.5284,-87.4237,-13.08,64,0,5.14,US,1675222243
507,haines junction,60.7522,-137.5108,-12.74,99,94,0.87,CA,1675222243
508,ucluelet,48.9329,-125.5528,4.49,92,100,0.45,CA,1675222244
509,vanavara,60.34,102.2797,-16.68,94,100,1.75,RU,1675222244
510,chute-aux-outardes,49.1168,-68.399,-25.01,84,0,1.03,CA,1675222244
511,talaya,61.3833,152.75,-23.47,96,97,0.67,RU,1675222245
512,wagar,16.1525,36.2032,21.2,78,30,4.4,SD,1675222245
513,grand gaube,-20.0064,57.6608,26.32,80,90,1.34,MU,1675222245
514,black river,18.0264,-77.8487,22.93,83,9,2.61,JM,1675222246
515,ngunguru,-35.6167,174.5,22.35,81,99,4.78,NZ,1675222246
516,puerto del rosario,28.5004,-13.8627,14.86,63,100,4.12,ES,1675222246
517,puerto carreno,6.189,-67.4859,24.52,51,1,2.96,CO,1675222247
518,shenjiamen,29.9576,122.298,12.44,74,0,5.55,CN,1675221650
519,belaya gora,68.5333,146.4167,-23.62,99,99,2.13,RU,1675222247
520,havelock,34.8791,-76.9013,14.97,89,100,0.0,US,1675222248
521,fort nelson,58.8053,-122.7002,-15.23,81,100,4.12,CA,1675222248
522,peschanokopskoye,46.1961,41.0775,2.25,93,98,2.13,RU,1675222248
523,sinazongwe,-17.2614,27.4618,21.72,90,87,1.45,ZM,1675222249
524,aiquile,-18.2041,-65.1807,13.92,90,100,0.66,BO,1675222249
525,pangoa,-12.1167,-73.0,19.71,99,88,0.46,PE,1675222249
526,danesti,46.5167,25.75,-6.67,98,94,1.86,RO,1675222250
527,manjacaze,-24.7117,33.8828,23.38,74,98,0.93,MZ,1675222250
528,berdigestyakh,62.0989,126.6992,-30.26,94,100,3.57,RU,1675222250
529,samut prakan,13.5,100.45,30.59,34,53,1.01,TH,1675222251
530,merauke,-8.4667,140.3333,29.73,71,100,4.05,ID,1675222251
531,san andres,12.5847,-81.7006,27.01,74,40,5.66,CO,1675222252
532,klaksvik,62.2266,-6.589,3.51,91,96,11.95,FO,1675222252
533,namibe,-15.1961,12.1522,21.92,82,100,2.35,AO,1675222252
534,mananara,-16.1667,49.7667,25.35,86,60,2.35,MG,1675222253
535,orlik,52.5178,99.825,-18.47,84,32,0.75,RU,1675222253
536,santiago de las vegas,22.97,-82.3869,22.79,88,20,2.06,CU,1675222253
537,dicabisagan,17.0818,122.4157,26.42,68,92,1.99,PH,1675222254
538,sawtell,-30.3833,153.1,29.55,74,24,4.63,AU,1675222254
539,llata,-9.4167,-76.7833,11.88,93,100,1.42,PE,1675222255
540,devonport,-41.1667,146.35,22.27,38,48,6.32,AU,1675222150
541,moerai,-22.4333,-151.3333,26.31,75,100,3.56,PF,1675222255
542,port hedland,-20.3167,118.5667,35.03,52,25,3.09,AU,1675222256
543,takoradi,4.8845,-1.7554,25.33,88,69,0.14,GH,1675222256
544,wamba,8.9333,8.6,23.09,19,93,1.89,NG,1675222256
545,salalah,17.0151,54.0924,21.05,68,75,2.06,OM,1675221754
546,shimoda,34.6667,138.95,12.2,62,44,8.28,JP,1675222257
547,lodwar,3.1191,35.5973,26.25,44,7,1.63,KE,1675222257
548,iralaya,15.0,-83.2333,25.23,83,3,6.15,HN,1675222257
549,atar,20.5169,-13.0499,18.31,22,80,2.2,MR,1675222258
550,hastings,50.8552,0.5729,5.85,55,44,7.84,GB,1675222258
551,waverly,42.7392,-84.6208,-11.25,73,0,2.57,US,1675222258
552,beloha,-25.1667,45.05,22.23,74,38,6.22,MG,1675222258
553,erenhot,43.6475,111.9767,-11.71,44,0,2.85,CN,1675222259
554,tecoanapa,16.5167,-98.75,24.38,75,0,1.64,MX,1675222259
555,camopi,3.1655,-52.3158,21.2,99,73,1.01,GF,1675222259
556,kindu,-2.95,25.95,18.18,99,100,1.18,CD,1675222260
557,solwezi,-12.1688,26.3894,15.11,98,100,1.15,ZM,1675222260
558,burley,42.5357,-113.7928,-10.95,79,100,5.14,US,1675222261
559,broken hill,-31.95,141.4333,26.51,28,0,4.94,AU,1675222261
560,moose factory,51.2585,-80.6094,-25.01,77,100,2.06,CA,1675222261
561,karlskrona,56.1616,15.5866,4.25,78,99,10.11,SE,1675222262
562,mosquera,4.7059,-74.2302,10.05,100,20,1.03,CO,1675222216
563,kenai,60.5544,-151.2583,0.05,89,100,1.54,US,1675222263
564,rabo de peixe,37.8,-25.5833,11.73,76,40,4.12,PT,1675222264
565,yagodnoye,62.55,149.6667,-26.01,99,97,0.53,RU,1675222264
566,springbok,-29.6643,17.8865,12.67,79,0,1.24,ZA,1675222265
567,san-pedro,4.7485,-6.6363,24.92,92,68,1.17,CI,1675222266
568,coihaique,-45.5752,-72.0662,12.34,66,0,1.54,CL,1675222266
569,blackfoot,43.1905,-112.345,-11.92,88,100,1.82,US,1675222025
570,quatre cocos,-20.2078,57.7625,26.16,72,98,6.32,MU,1675222268
571,kuliyapitiya,7.4688,80.0401,24.82,87,100,1.98,LK,1675222269
572,taltal,-25.4,-70.4833,20.1,84,59,0.71,CL,1675222269
573,zirc,47.2636,17.8737,1.27,83,80,7.93,HU,1675222270
574,grand-lahou,5.1367,-5.0242,24.75,91,20,0.15,CI,1675222271
575,tuatapere,-46.1333,167.6833,21.63,69,97,2.19,NZ,1675222272
576,bubaque,11.2833,-15.8333,24.99,55,14,6.21,GW,1675222273
577,monroe,43.1501,-77.6831,-6.39,80,100,1.54,US,1675222273
578,borgarnes,64.5383,-21.9206,-2.97,96,100,2.19,IS,1675222274
579,lander,42.833,-108.7307,0.33,71,0,0.0,US,1675222275
580,itarema,-2.9248,-39.9167,25.08,89,43,4.74,BR,1675222275
581,kapit,2.0167,112.9333,32.58,55,94,1.24,MY,1675222276
582,chifeng,42.2683,118.9636,-6.84,23,0,10.04,CN,1675222276
583,bhadrachalam,17.6667,80.8833,24.08,60,96,1.26,IN,1675222139
584,spornoye,50.8448,37.2913,-4.03,91,99,2.66,RU,1675222277
585,oranjemund,-28.55,16.4333,17.45,90,70,2.65,NA,1675222278
586,inta,66.0317,60.1659,-4.24,80,80,9.11,RU,1675222280
587,aktas,49.7789,72.9608,-9.14,100,86,1.37,KZ,1675222280
588,saint-francois,46.4154,3.9054,3.69,93,100,1.03,FR,1675222281
589,palmer,42.1584,-72.3287,-3.35,61,40,2.57,US,1675222239
590,buwenge,0.6422,33.1744,17.35,92,5,0.94,UG,1675222281
591,navrongo,10.8956,-1.0921,23.3,13,19,3.39,GH,1675222282
592,kantemirovka,49.7089,39.8592,-4.0,99,88,1.11,RU,1675222283
593,flin flon,54.7682,-101.865,-33.53,100,73,1.7,CA,1675222283
594,trairi,-3.2778,-39.2689,24.51,93,94,3.6,BR,1675222130
595,oyama,36.3,139.8,11.44,35,35,3.16,JP,1675222285
596,coahuayana,18.7333,-103.6833,20.26,91,6,1.57,MX,1675222286
597,inhambane,-23.865,35.3833,25.52,71,75,4.78,MZ,1675222287
598,frontera,26.9333,-101.45,2.96,93,100,1.34,MX,1675222213
599,tatawin,32.9297,10.4518,6.61,53,2,2.59,TN,1675222287
600,adre,13.4667,22.2,20.33,17,48,5.26,TD,1675222097
601,ahuimanu,21.4447,-157.8378,27.52,80,40,3.6,US,1675222288
602,abu samrah,35.3029,37.1841,6.99,88,85,5.42,SY,1675222289
603,novokayakent,42.3937,47.9861,5.29,89,99,1.35,RU,1675222289
604,rassvet,46.8333,40.75,1.88,99,100,1.02,RU,1675222290
605,vrangel,42.7297,133.0839,-2.9,60,100,6.13,RU,1675222290
606,balaka,-14.9793,34.9558,19.59,97,100,0.97,MW,1675222290
607,battipaglia,40.6109,14.9852,7.76,72,4,1.85,IT,1675222290
608,horadiz,39.4488,47.3353,4.43,88,89,1.56,AZ,1675222291
609,coldwater,41.9403,-85.0005,-12.59,78,0,2.06,US,1675222220
610,anloga,5.7947,0.8973,26.35,80,77,2.67,GH,1675222291
